{
	"axis_max" : 20.149999990000001,
	"axis_min" : -9.5349999800000003,
	"bounding_polygon" : 
	[
		[ 0.4211241837020645, 0.1236219576653812, 0.0 ],
		[ -0.37176650175137871, 0.1236219576653812, 0.0 ],
		[ -0.37176650175137871, -0.26873629126076271, 0.0 ],
		[ 0.4211241837020645, -0.26873629126076271, 0.0 ]
	],
	"class_name" : "SelectionPolygonVolume",
	"orthogonal_axis" : "Z",
	"version_major" : 1,
	"version_minor" : 0
}